name,batch,website,one_liner,current_description,classification,layer,notes,relevance_score
Alter,Summer 2025,https://alterai.dev,Secure access control and authorization platform for agent workflows,"Zero-trust identity and access control platform for AI agents. Wraps every tool call in authentication, authorization, and guardrails.",AGENT-INFRA-DIRECT,"identity, auth","Core agent infra. Manages ephemeral credentials, parameter-level authorization.",62
Orthogonal,Winter 2026,https://orthogonal.com,Agentic Payments for APIs,"Trusted Skills and APIs for agentic payments. Works with Claude Code, Codex, Cursor.",AGENT-INFRA-DIRECT,payments,Agent payments infrastructure. Enables agents to transact.,57
Protegee,F24,http://protegee.ai,Payments API for AI Agents,Payments API for AI Agents. Website shows pivot to Attimet.,AGENT-INFRA-DIRECT,payments,May have pivoted. Original YC pitch was agent payments.,52
Castari,Fall 2025,https://castari.com,Vercel for AI Agents – One click deploy for the Claude Agent SDK,Deployment platform for Claude Agent SDK. One-click deploy agents to production.,AGENT-INFRA-DIRECT,deployment,Vercel for AI Agents. Tightly coupled to Anthropic ecosystem.,44
Dedalus Labs,Summer 2025,https://www.dedaluslabs.ai/,Connect any LLM to any MCP tools and create complex agents in minutes.,"MCP Auth framework and marketplace. Connect LLMs to MCP tools, build complex agents.",AGENT-INFRA-DIRECT,"MCP, orchestration",MCP infrastructure play. Auth framework for MCP is notable.,43
Multifactor,Fall 2025,https://multifactor.com,"Zero-trust authentication, authorization, and auditing for AI agents",Secure online account sharing for humans and AI. Zero-trust auth and auditing for AI agents.,AGENT-INFRA-DIRECT,"identity, auth",Agent identity and credential sharing. Bridges human and AI auth.,40
Blaxel,X25,https://blaxel.ai,AWS for AI Agents,Persistent Sandbox Platform for AI Agents. Near-instant latency.,AGENT-INFRA-DIRECT,"execution, sandbox",AWS for AI Agents. Persistent sandboxed execution environments.,40
Locus,Fall 2025,https://paywithlocus.com,Payment infrastructure for AI agents,AI Agent Payment Infrastructure. Secure Escrow and Policy Enforcement.,AGENT-INFRA-DIRECT,payments,Agent-specific payment infra with escrow. Directly relevant to Agent LLC.,38
Truffle AI,W25,https://www.trytruffle.ai/,AWS for AI Agents,AWS for AI Agents. (Website returned empty - JS rendered),AGENT-INFRA-DIRECT,execution,Agent cloud platform. Minimal website info.,25
Kernel,Summer 2025,https://www.kernel.sh,"Crazy fast, open source infra for AI agents to use the Internet",Browser infrastructure for web agents and automations. Open source.,AGENT-INFRA-DIRECT,"execution, browser",Infra for agents to use the Internet. Core execution layer.,24
Sentrial,Winter 2026,https://sentrial.com/,Production Monitoring for AI Agents,Production Monitoring for AI Agents. (Website returned empty),AGENT-INFRA-DIRECT,observability,Agent monitoring/observability.,23
Nozomio,Summer 2025,https://www.nozomio.com/,Context augmentation for agents,Context augmentation for agents. (Website returned empty),AGENT-INFRA-DIRECT,"memory, context",Agent context/memory layer.,23
Manufact (formerly mcp-use),Summer 2025,https://manufact.com,Open source SDK & cloud infrastructure for MCP Servers & ChatGPT Apps ,"Build and Deploy MCP Agents, Servers and Apps. Open source SDK and cloud infrastructure.",AGENT-INFRA-DIRECT,"MCP, orchestration","MCP infrastructure. Registry, SDK, cloud hosting for MCP servers.",22
Scrapybara,F24,https://scrapybara.com,Virtual Desktops for AI Agents,Virtual Desktops for AI Agents. Remote desktop instances for computer use.,AGENT-INFRA-DIRECT,"execution, sandbox",Core agent execution infra. Hosts virtual desktops for agents.,22
Agentic Fabriq,Fall 2025,https://www.agenticfabriq.com,Okta for Agents.,Okta for Agents. (JS-rendered site),AGENT-INFRA-DIRECT,"identity, auth",Agent identity management. Directly analogous to Okta but for agents.,20
Hyperspell,Fall 2025,https://hyperspell.com,Memory for AI Agents,Memory and Context Layer for AI Agents. Automatic memory connected to user data.,AGENT-INFRA-DIRECT,"memory, context",Agent memory infrastructure. Gives agents persistent memory.,19
Lemma,Fall 2025,https://www.uselemma.ai/,Continuous learning for AI agents,"Continuous Learning for AI Agents. Monitor behavior, turn failures into improvements.",AGENT-INFRA-DIRECT,"observability, learning",Agent improvement loop. Production monitoring + learning.,19
Lucidic AI,W25,https://lucidic.ai,Weights & Biases for AI Agents,Training Platform for Reliable AI Agents. Weights & Biases for agents.,AGENT-INFRA-DIRECT,"evaluation, training",Agent evaluation and training platform.,19
Praxos,S24,https://www.praxos.ai,Data layer for AI agents,Data layer for AI agents. (Website empty),AGENT-INFRA-DIRECT,data,Agent data infrastructure.,18
AgentMail,Summer 2025,https://agentmail.to,Email Inboxes for AI Agents,Email Inboxes for AI Agents. Email inbox API that gives agents their own email.,AGENT-INFRA-DIRECT,communication,Core agent infra. Gives agents email identity.,17
Butter,Winter 2025,https://butter.dev,Muscle Memory Cache for Agents,Local Agent Sandboxes. bVisor lightweight sandbox runtime for AI agents.,AGENT-INFRA-DIRECT,"execution, sandbox",Agent sandbox infrastructure. Embeds directly into local process.,17
Hamming AI,S24,https://hamming.ai/,Automated AI voice agent testing,Enterprise Voice Agent Testing and Production Monitoring.,AGENT-INFRA-DIRECT,"testing, observability",Testing/QA infrastructure specifically for voice AI agents.,16
ZeroEval,Summer 2025,https://zeroeval.com,Auto-optimizer for AI agents,Build self-improving agents. Calibrated LLM judges score every output.,AGENT-INFRA-DIRECT,"evaluation, optimization",Agent auto-optimization and evaluation.,15
AgentHub,Summer 2025,https://www.agenthublabs.com,The simulation and evaluation engine for AI agents,Simulation and evaluation engine for AI agents. (Website empty),AGENT-INFRA-DIRECT,"evaluation, simulation",Agent testing/evaluation infrastructure.,15
Abundant,F24,https://www.abundant.ai/,Human Supervision for AI Agents,Frontier RL environments and datasets. Human supervision for AI agents.,AGENT-INFRA-DIRECT,"safety, training",Safety/supervision infrastructure for agents. RL environments.,15
Janus,Spring 2025,https://www.withjanus.com/,Evaluate AI Agents with Simulation Environments,Video Evaluation Benchmark. Simulation environments to evaluate AI agents.,AGENT-INFRA-DIRECT,"evaluation, simulation",Agent evaluation infrastructure with simulation environments.,14
Osmosis,Winter 2025,https://osmosis.ai/,Reinforcement Learning for AI Agents,Forward Deployed Reinforcement Learning Platform for AI Agents.,AGENT-INFRA-DIRECT,"training, RL",RL training platform specifically for AI agents.,14
Foundry,F24,https://www.foundryrl.com/,World Model for Browser Agents,World's most advanced simulation and data engine for AI web agents.,AGENT-INFRA-DIRECT,"simulation, browser",Simulation infrastructure for browser agents.,14
A1Base,W25,https://www.a1base.com/,Twilio for AI Agents,"Twilio for AI Agents. API to give agents phone number, email, and trusted identity.",AGENT-INFRA-DIRECT,"communication, identity",Core agent identity and communication infra.,13
Gulp,W25,https://gulp.ai/,Real-Time Self-Improvement for AI Agents,Real-Time Self-Improvement for AI Agents. Website redirects to Osmosis.,AGENT-INFRA-DIRECT,"training, optimization",May have merged with Osmosis. Agent self-improvement.,13
Salus,Winter 2026,https://www.usesalus.ai/,Guardrails to validate your agent's actions before they execute,Validate all agent actions before they execute. Block incorrect actions at runtime.,AGENT-INFRA-DIRECT,"safety, guardrails",Agent guardrails infrastructure. Runtime action validation.,12
Golf,X25,https://golf.dev/,Control layer for remote MCP servers,Agentic AI and MCP Security and Governance for Enterprises. Control layer for remote MCP servers.,AGENT-INFRA-DIRECT,"MCP, security",MCP security/governance layer. Controls agent access to MCP servers.,12
truthsystems,Summer 2025,https://www.truthsystems.ai,Automatically blocking risky behavior with real-time governance agents,Real-time governance agents that automatically block risky behavior.,AGENT-INFRA-DIRECT,"safety, governance",Agent governance infrastructure. Real-time behavior monitoring.,12
Cyberdesk,Summer 2025,https://www.cyberdesk.io,Self learning computer use agent for developers,"Computer use agent for Windows. Self-learning. For healthcare, finance, legacy systems.",AGENT-INFRA-DIRECT,"execution, computer use",Computer use execution infrastructure for agents on Windows.,12
Bear,Fall 2025,https://usebear.ai,Marketing Stack for AI Agents,Marketing Stack for AI Agents. Generate revenue from AI agent traffic.,AGENT-INFRA-DIRECT,"marketing, commerce",Marketing infrastructure where agents are the customer channel.,11
Cekura,Fall 2024,https://www.cekura.ai/,Voice AI and Chat AI agents: Testing and Observability,Automated QA for Voice AI and Chat AI Agents.,AGENT-INFRA-DIRECT,"testing, observability",Testing infrastructure for conversational AI agents.,11
Klavis AI,X25,https://www.klavis.ai/,Open source MCP clients and Servers,MCP infrastructure for AI to use tools reliably at scale.,AGENT-INFRA-DIRECT,"MCP, tools",MCP infrastructure platform. Core tool-use layer for agents.,10
TectoAI,Summer 2025,https://www.tecto.ai/,A Platform for AI Governance,AI Governance for Regulated Enterprise. Governance for AI Agents in regulated industries.,AGENT-INFRA-DIRECT,"governance, compliance",Agent governance platform for regulated industries.,10
Vibrant Labs,Winter 2024,https://vibrantlabs.com/,RL environments for long horizon AI Agents,Simulation environments for AI agents. RL environments for long horizon agents.,AGENT-INFRA-DIRECT,"training, simulation",Agent simulation infrastructure.,10
Maven,Winter 2026,https://www.trymaven.com,Payment infrastructure built for voice,Payments Layer for Voice AI Agents. Add payments to any voice agent in minutes.,AGENT-INFRA-DIRECT,payments,Agent payment infrastructure specifically for voice AI.,9
The Context Company,Fall 2025,https://thecontext.company,Monitor AI agents and understand user behavior,Monitor AI agents and understand user behavior. See where users get confused.,AGENT-INFRA-DIRECT,observability,Agent observability and UX analytics.,9
Capacitive,X25,https://capacitive.ai/,The enterprise data gateway company.,Enterprise data gateway. Intranet access for agents.,AGENT-INFRA-DIRECT,"data, access",Gives agents access to enterprise intranet/data.,9
Roark,W25,https://roark.ai,Datadog for Voice AI,"Datadog for Voice AI. Monitoring, evaluation, simulations for voice agents.",AGENT-INFRA-DIRECT,"testing, observability",Voice AI testing and monitoring infrastructure.,9
Relari,W24,https://www.relari.ai/,Testing and Simulation Stack for GenAI Systems,Designing Intelligence with Intent. Testing and simulation stack for GenAI.,AGENT-INFRA-DIRECT,"evaluation, testing",Agent testing and evaluation infrastructure.,9
Zep AI,W24,https://www.getzep.com/,The Memory Foundation For Your AI Stack,"Context Engineering and Agent Memory Platform. Graph RAG, Knowledge Graph, MCP.",AGENT-INFRA-DIRECT,memory,"Core agent memory infrastructure. Memory, context, knowledge graph.",9
Airweave,X25,https://airweave.ai,Open-Source Tool That Lets Agents Search Any App or Database,Context Retrieval Layer for AI. Lets agents search any app or database. Open source.,AGENT-INFRA-DIRECT,"data, retrieval",Agent data access infrastructure. Universal search for agents.,8
Galini,F24,https://www.galini.ai/,Compliance guardrails-as-a-service for AI applications,Compliance guardrails-as-a-service for AI applications. (Website minimal),AGENT-INFRA-DIRECT,"compliance, guardrails",Compliance guardrails infrastructure for AI.,8
General Analysis,S24,https://generalanalysis.com,Automated AI Safety and Red Teaming Tools,"Security for Agentic AI. Automated red teaming, risk forecasting.",AGENT-INFRA-DIRECT,"safety, security",Security infrastructure for agentic AI systems.,8
Compresr,Winter 2026,https://compresr.ai,LLM-native context compression ,"LLM-native context compression. Cut costs, improve performance.",AGENT-INFRA-ADJACENT,"memory, context",Enables agents to handle more context. Infrastructure layer.,24
Playgent,Summer 2025,https://useplaygent.com,Sandboxes for AI agents,RL Environments for Finance. Originally sandboxes for AI agents.,AGENT-INFRA-ADJACENT,"training, simulation",Pivoted from agent sandboxes to RL environments for financial agents.,24
Mastra,W25,https://mastra.ai,"The Javascript framework for building AI agents, from the Gatsby devs","TypeScript AI Framework. Agents, workflows, observability, RAG. From Gatsby devs.",AGENT-INFRA-ADJACENT,framework,Agent framework. Popular (21.7k GitHub stars). Adjacent infrastructure.,22
Chamber,Winter 2026,https://www.usechamber.io,Autopiloting your AI infrastructure,GPU Infrastructure Optimization for AI/ML Teams. ROI calculator.,AGENT-INFRA-ADJACENT,compute,"GPU optimization, not agent-specific.",21
Keet,S24,https://trykeet.com,Authentication for AI Agents,Automated enterprise onboarding. Originally auth for AI agents.,AGENT-INFRA-ADJACENT,"identity, auth",YC pitch was agent auth. Website now shows enterprise onboarding automation.,21
Sourcebot,Fall 2025,https://www.sourcebot.dev/,Helping humans and AI agents understand massive codebases,"Code Understanding Platform. Self-hosted, helps humans and AI agents understand codebases.",AGENT-INFRA-ADJACENT,"data, code",Code understanding for agents. Self-hosted.,19
assistant-ui,W25,https://assistant-ui.com,Open Source React.js Library for AI Chat,"Open Source React components for AI Chat. Tool UI, MCP App Studio.",AGENT-INFRA-ADJACENT,"UI, framework",UI components for agent interfaces.,19
Modelence,Summer 2025,https://modelence.com,All-in-one TypeScript cloud for production AI apps,All-in-one TypeScript cloud for production AI apps.,AGENT-INFRA-ADJACENT,deployment,Production deployment for AI apps. Not agent-specific.,18
Pipeshift,S24,https://pipeshift.com,Modular Orchestration Platform for Open Source AI,Deploy AI models in Production. Modular orchestration for open source AI.,AGENT-INFRA-ADJACENT,"inference, deployment",Model serving platform. Not agent-specific.,18
Wildcard,W25,https://wild-card.ai,Make APIs work for AI Agents,Get products mentioned in ChatGPT Shopping. Pivoted from APIs-for-agents to AI commerce.,AGENT-INFRA-ADJACENT,commerce,Pivoted from agent API infra to AI commerce optimization.,16
RowBoat Labs,S24,https://www.rowboatlabs.com,Open-source AI-assisted agent builder,AI coworker with memory. Open-source agent builder.,AGENT-INFRA-ADJACENT,framework,Agent builder framework with memory.,16
Cumulus Labs,Winter 2026,https://cumuluslabs.io,The Optimized GPU Cloud,Fastest Serverless GPU Inference Cloud.,AGENT-INFRA-ADJACENT,"compute, inference",GPU cloud for inference. Not agent-specific.,15
Lua Global Inc,Fall 2025,https://heylua.ai/,The mid-market agent platform,Agent OS. Build AI agents without touching infrastructure.,AGENT-INFRA-ADJACENT,"framework, deployment",Agent platform for mid-market. Framework/deployment.,15
Sim,Spring 2025,https://sim.ai,Open source platform to build AI agent workflows,Open source platform to build AI agent workflows.,AGENT-INFRA-ADJACENT,"orchestration, workflow",Agent workflow builder. Open source.,15
Notte,Summer 2025,https://www.notte.cc/,Reliable Web Agents for Enterprise,Web automation platform. Browser infrastructure for web automations.,AGENT-INFRA-ADJACENT,"browser, execution",Browser infra that agents use. Not agent-first but adjacent.,15
HumanLayer,F24,https://humanlayer.dev,Human-in-the-Loop for AI Agents,Pivoted to CodeLayer IDE. Originally human-in-the-loop for agents.,AGENT-INFRA-ADJACENT,"safety, human-in-loop",Pivoted from agent safety to AI coding IDE.,15
Comfy Deploy,S24,https://comfydeploy.com,Vercel for Gen AI applications,ComfyUI for teams. Vercel for GenAI applications.,AGENT-INFRA-ADJACENT,deployment,"Deployment for generative AI, not agent-specific.",15
Okibi,Summer 2025,https://okibi.ai,"Build AI coworkers using natural language, it's Lovable for agents",Build AI coworkers using natural language. Lovable for agents. (JS-rendered),AGENT-INFRA-ADJACENT,framework,No-code agent builder. Framework play.,13
Lumenary,S24,https://lumenary.com,Build production-worthy software quickly with AI.,Build production-worthy software with AI. (JS-rendered),AGENT-INFRA-ADJACENT,development,AI development platform.,13
Tesseral,Winter 2024,https://tesseral.com,The open source platform for managing identity in business software,Open source B2B user management. Has AI and Machine Identity section.,AGENT-INFRA-ADJACENT,identity,Identity management expanding into machine/AI identity.,13
Trace,Summer 2025,https://www.trace.so/,Workflow automation that routes tasks to humans and AI,AI orchestration layer for modern teams. Routes tasks to humans and AI.,AGENT-INFRA-ADJACENT,"orchestration, workflow",Summer 2025 batch. Different from W25 Trace. Workflow orchestration.,12
Halluminate,Summer 2025,https://halluminate.ai/,Data and RL environments to automate knowledge work,Data and RL environments for finance. (JS-rendered),AGENT-INFRA-ADJACENT,"training, RL",RL training environments. Finance-focused.,12
BrowserBook,Fall 2024,https://www.browserbook.com,The Browser Automation IDE,Browser Automation IDE. AI-enabled environment for deterministic browser automation.,AGENT-INFRA-ADJACENT,"browser, tools",Browser automation tooling. Adjacent to agent execution.,12
Keywords AI,W24,https://keywordsai.co,"LLM observability, prompt management, evals.","LLM Engineering Platform. Observability, prompt management, evals.",AGENT-INFRA-ADJACENT,observability,LLM observability. Not agent-specific but widely used by agent builders.,12
RunAnywhere,Winter 2026,https://www.runanywhere.ai/,The default way of running On-Device AI at Scale,On-Device AI for Mobile and Edge at scale.,AGENT-INFRA-ADJACENT,"inference, edge",Edge inference. Not agent-specific.,11
Parachute,Summer 2025,https://parachute-ai.com,Infrastructure for hospitals to monitor and deploy clinical AI ,Governance Infrastructure for Clinical AI. Monitor and deploy clinical AI.,AGENT-INFRA-ADJACENT,"governance, healthcare",AI governance for healthcare. Domain-specific but infrastructure pattern.,11
Patched,S24,https://patched.codes,Open-source workflow automation for dev teams,"Agentic workflows for Enterprise IT and Ops. Production-ready, runs in your infra.",AGENT-INFRA-ADJACENT,orchestration,Open-source agentic workflow platform.,11
Unsiloed AI,Fall 2025,https://www.unsiloed.ai/,API for parsing multimodal unstructured data,API for parsing multimodal unstructured data. (Empty),AGENT-INFRA-ADJACENT,data,Data parsing infrastructure for AI.,10
Confident AI,W25,https://confident-ai.com,Open-Source Unit Testing for LLM Applications,"AI Quality Platform. LLM Evaluation, Observability. Open-source DeepEval.",AGENT-INFRA-ADJACENT,"evaluation, testing",LLM testing/eval. Widely used but not agent-specific.,10
Exla,W25,https://exla.ai/,An SDK to run transformer models anywhere,SDK to run transformer models anywhere. Edge inference. (JS-rendered),AGENT-INFRA-ADJACENT,inference,Model inference SDK.,10
Circlemind,F24,https://circlemind.co,Circlemind is an open-source RAG using knowledge graphs and PageRank.,Open-source RAG using knowledge graphs and PageRank. General AI agents.,AGENT-INFRA-ADJACENT,"RAG, data",RAG infrastructure with knowledge graphs.,10
Reducto,W24,https://reducto.ai,The most accurate API to parse documents,Most accurate API to parse documents. $108M raised.,AGENT-INFRA-ADJACENT,"data, parsing",Document parsing API used by agents.,10
Trieve,W24,https://trieve.ai,"All-in-one API for search, RAG, & recommendations","All-in-one API for search, RAG, and recommendations.",AGENT-INFRA-ADJACENT,"RAG, search",Search/RAG infrastructure.,10
Chunkr,W24,https://chunkr.ai/,Open source API service to parse complex documents,Document Intelligence API for parsing and data extraction.,AGENT-INFRA-ADJACENT,"data, parsing",Document parsing for AI pipelines.,10
Velum Labs,Winter 2026,https://www.velum-labs.com/,Firewall that controls access to information across AI and humans,Ontology Engine for Enterprise AI. Firewall for information access.,AGENT-INFRA-ADJACENT,"security, data",Data access control for AI. Adjacent to agent security.,9
Tinfoil,X25,https://tinfoil.sh,AI that runs on the cloud with the privacy of on-prem,Verifiably Private AI. Runs AI with confidential computing.,AGENT-INFRA-ADJACENT,"security, privacy",Privacy infrastructure for AI. Not agent-specific.,9
Jazzberry,X25,https://jazzberry.ai,(formerly Prophet) Training LLMs to be expert software testers,RL Environments for training LLMs to be software testers.,AGENT-INFRA-ADJACENT,training,RL training environments.,9
Luminal,Summer 2025,https://luminal.com,Making AI run fast on any hardware.,Inference at the Speed of Light. Compiles AI models for fastest inference.,AGENT-INFRA-ADJACENT,inference,Inference optimization. Not agent-specific.,9
CTGT,F24,https://www.ctgt.ai/,Entirely New AI Stack: Efficient and Safe Alternative to LLM Ecosystem,AI governance with guarantees. Safe alternative to LLM ecosystem.,AGENT-INFRA-ADJACENT,"safety, governance",AI safety/governance. Not agent-specific.,9
Maitai,S24,https://trymaitai.ai,"Reliable, self-improving enterprise AI","Deploy AI Agents With Confidence. Reliable, self-improving enterprise AI.",AGENT-INFRA-ADJACENT,"deployment, optimization",Agent deployment and optimization platform.,9
expand.ai,S24,https://expand.ai/,Turn any website into an API.,Turn any website into an API. Scraping for developers.,AGENT-INFRA-ADJACENT,"data, scraping",Web scraping API used by agents for data access.,9
SciPhi,W24,https://www.sciphi.ai,"SciPhi is building R2R, the most advanced retrieval system.",R2R - most advanced retrieval system. (Empty),AGENT-INFRA-ADJACENT,RAG,RAG infrastructure.,9
Downlink,W24,https://downlink.dev/,Make your LLMs 3x faster.,"Platform that improves AI. Boost rate limits, cut latency, raise accuracy.",AGENT-INFRA-ADJACENT,"inference, optimization",LLM optimization. Not agent-specific.,9
OpenFoundry,W24,https://www.openfoundry.ai/,The fastest developer experience for building on open source AI.,Ship AI stack faster on open source AI.,AGENT-INFRA-ADJACENT,deployment,Open-source AI deployment platform.,9
HelixDB,Spring 2025,https://helix-db.com,The fastest & most scalable graph-vector database on the market,Native Graph-Vector Database. Fastest and most scalable.,AGENT-INFRA-ADJACENT,database,Database infrastructure used by agents.,8
Unsloth AI,S24,https://unsloth.ai/,Open Source Fine-tuning & Training of LLMs,Open Source Fine-tuning and Training of LLMs.,AGENT-INFRA-ADJACENT,training,LLM training infrastructure. Not agent-specific.,8
CloudGlue,S24,https://cloudglue.dev,Developer APIs to let your AI/LLM understand videos and audio.,Videos as context for AI. Developer APIs for video and audio understanding.,AGENT-INFRA-ADJACENT,data,Multimodal data infrastructure for AI.,8
Lantern,W24,http://lantern.dev,Postgres vector database extension to build AI applications,Postgres vector database extension for AI applications.,AGENT-INFRA-ADJACENT,database,Vector database. Infrastructure used by agents.,8
Mantle,Fall 2025,https://www.mantle.work,Build internal agents to automate back office work with one prompt,Build internal agents to automate back office work with one prompt.,AGENT-AS-PRODUCT,back-office,"Agent builder for back-office. Product, not infrastructure.",23
Sphinx,F24,https://sphinxlabs.ai/,AI Compliance Analysts for Banks & Fintechs,AI Compliance Agent for KYB and AML Automation for banks and fintechs.,AGENT-AS-PRODUCT,compliance,AI agent product for financial compliance.,23
Rulebase,F24,https://rulebase.co,AI agents for fraud detection and investigations.,AI agents for fraud detection and investigations. Every interaction compliance assured.,AGENT-AS-PRODUCT,compliance,Agent product for fraud/compliance.,21
Plexe,X25,https://plexe.ai,Open-source agent that builds ML models from a prompt,Agentic ML Engineering Team. Turn data into custom ML models from a prompt.,AGENT-AS-PRODUCT,ML,"AI agent that builds ML models. Product, not infra.",19
Egress Health,W25,https://tryegress.com,"Automated revenue cycle management, starting with dentists","AI agents to automate insurance tasks for dentists. Benefits verification, claim submission.",AGENT-AS-PRODUCT,healthcare,Vertical AI agent for dental insurance.,19
Veritus,Summer 2025,https://www.veritus.com,AI agents for the consumer lending industry,"AI agents for consumer lending industry. Voice, SMS, email agents.",AGENT-AS-PRODUCT,lending,Vertical AI agents for lending.,17
careCycle,W25,https://www.careCycle.ai,Voice AI teams for medicare agencies.,Voice AI teams for Medicare agencies.,AGENT-AS-PRODUCT,healthcare,Vertical voice AI for Medicare.,17
FirstWork,S24,https://firstwork.com,Rippling for seasonal workers,"AI Agents for Frontline Workforces. Document verification, browser automation.",AGENT-AS-PRODUCT,HR,Vertical AI agents for seasonal workers/HR.,17
14.ai,Winter 2024,https://14.ai,AI Customer Service Platform and BPO for Your B2C Business,AI Customer Service Agency for B2C Brands.,AGENT-AS-PRODUCT,customer service,AI customer service agent product.,17
Eloquent AI,X25,https://www.eloquentai.co/,Agentic AI Platform for Financial Services,AI Operator for Financial Services. Automate up to 96% of compliance work.,AGENT-AS-PRODUCT,financial services,Vertical AI agent for financial services.,16
Quantstruct,W25,https://quantstruct.com,AI documentation engineer – test & autoimprove stale product docs,AI documentation engineer. Test and auto-improve stale product docs.,AGENT-AS-PRODUCT,documentation,Agent product for documentation.,16
Patientdesk.ai,Winter 2026,https://patientdesk.ai/,AI voice agent for patient calls & admin workflows,AI voice agent for patient calls. AI Booking System for Dental.,AGENT-AS-PRODUCT,healthcare,Vertical voice AI for healthcare.,15
Platus,F24,https://www.platus.com,"Instant Legal Infrastructure - Draft, Sign, Notarize & Process",Instant Legal Infrastructure. AI workspace for legal work with agents.,AGENT-AS-PRODUCT,legal,Legal AI product with agents on autopilot.,15
Kastle,S24,https://kastle.ai/,AI agents for mortgage servicing,AI agents for mortgage servicing. Most deployed voice agents in mortgage.,AGENT-AS-PRODUCT,lending,Vertical voice AI agents for mortgage.,15
Synthetic Sciences,Winter 2026,https://syntheticsciences.ai/,AI co-scientists that run research end-to-end,Orchestrate AI Co-Scientists. AI that runs research end-to-end.,AGENT-AS-PRODUCT,research,AI scientist agents. Product not infrastructure.,14
Conduit,W24,https://www.conduit.app/,Conversational AI agents for the built world,AI Agents for Support and Sales for built world.,AGENT-AS-PRODUCT,customer service,W24 batch. Same product as Winter 2024 Conduit.,13
Corelayer,Winter 2026,https://www.corelayer.com,AI on-call engineer that debugs using data,AI on-call engineer for financial services. Debugs using data.,AGENT-AS-PRODUCT,devops,Vertical AI agent for engineering on-call.,13
Trava,Winter 2025,https://www.usetrava.com/,AI agents for global trade compliance,AI compliance platform for global trade. Protect margin on every import.,AGENT-AS-PRODUCT,compliance,Trade compliance AI agent product.,13
Luthor,F24,https://luthor.ai,AI Agents for Marketing Compliance,Fastest first-pass marketing review. AI Agents for Marketing Compliance.,AGENT-AS-PRODUCT,compliance,Marketing compliance AI agent.,13
Seals AI,S24,https://www.hireseals.ai/,AI Employees for Wholesalers & Distributors,AI Employees for Wholesalers and Distributors. (JS-rendered),AGENT-AS-PRODUCT,wholesale,Vertical AI agents for wholesale/distribution.,13
Arva AI,S24,https://www.arva.ai,AI scale AML and KYB operations,AI Agents for Financial Crime Compliance. AML and KYB operations.,AGENT-AS-PRODUCT,compliance,Financial crime compliance agent product.,13
Tensol,Winter 2026,https://www.tensol.ai,"AI Employees for Startups, Built on OpenClaw",Managed AI Employees built on OpenClaw. Deploy for business.,AGENT-AS-PRODUCT,general,AI employee product for startups.,11
Sonarly,Winter 2026,https://sonarly.com,The AI engineer for production,AI Prod Debugger. AI engineer for production.,AGENT-AS-PRODUCT,devops,AI agent for production debugging.,11
F2,Summer 2025,http://f2.ai,The AI platform for private markets investors,AI platform for private markets investors.,AGENT-AS-PRODUCT,finance,Vertical AI for private markets.,11
Guardian AI,S24,https://www.withguardian.ai/,Helping healthcare providers fight insurance denials.,Healthcare providers fight insurance denials. (Connection error),AGENT-AS-PRODUCT,healthcare,Healthcare AI agent.,11
Zimi,S24,https://www.withzimi.com,AI automating post-purchase operations and support for e-commerce,AI automating post-purchase operations for e-commerce. (Empty),AGENT-AS-PRODUCT,ecommerce,E-commerce automation agent.,11
PathPilot,S24,https://www.getpathpilot.com/,AI platform helping Customer Experience teams scale efficiently,"AI platform for CX teams. BNPL, embedded lending.",AGENT-AS-PRODUCT,customer service,Customer experience AI agent product.,11
Stilta,Winter 2026,https://stilta.com,Cursor for patent practitioners,Cursor for patent practitioners. (JS-rendered),AGENT-AS-PRODUCT,legal,Vertical AI for patent work.,10
Bolna AI,Fall 2025,https://bolna.ai,Voice AI to enable India's next billion,"Voice AI Agents for Indian Languages. Outbound, inbound, support, recruitment.",AGENT-AS-PRODUCT,voice AI,Vertical voice AI for India.,10
Moby Analytics,Spring 2025,https://www.mobyanalytics.com/,AI financial auditors,AI platform for auditors. Financial auditors.,AGENT-AS-PRODUCT,finance,Vertical AI for financial auditing.,10
Cotool,Spring 2025,https://cotool.ai,AI Agents for Security Operations Teams,AI Agents for Security Operations Teams. Automate detection and response.,AGENT-AS-PRODUCT,security,SecOps AI agent product.,10
Asteroid,W25,https://asteroid.ai,Browser agents for regulated industries,"AI Browser Agents for Enterprise Automation. Healthcare, insurance, government.",AGENT-AS-PRODUCT,browser automation,Browser automation agent product for enterprise.,10
Fira,W25,https://firaresearch.com/,Agentic AI platform for investment firms,Financial AI Research Workspace for investment firms.,AGENT-AS-PRODUCT,finance,Vertical AI for investment research.,10
VortexifyAI,Fall 2024,https://www.vortexify.ai,Build AI applications and automations for supply chain operations,AI applications and automations for supply chain operations. (Empty),AGENT-AS-PRODUCT,supply chain,Vertical AI for supply chain.,10
Markprompt,W24,https://markprompt.com,AI for customer support,AI agents that solve hardest support challenges.,AGENT-AS-PRODUCT,customer service,Customer support AI agent product.,10
Ruma Care,Winter 2026,https://rumacare.com,We help clinics get patients on biologics faster,Help clinics get patients on biologics faster. Prior auth automation.,AGENT-AS-PRODUCT,healthcare,Healthcare automation product.,9
Unisson,Winter 2026,https://www.unisson.ai,The AI product specialist for customer-facing teams,AI agents for customer-facing teams. Product specialist.,AGENT-AS-PRODUCT,sales,AI agent for sales/customer teams.,9
Jinba,Winter 2026,https://jinba.io,Automate any enterprise workflow through chat,"Automate any enterprise workflow through chat. Banking, insurance.",AGENT-AS-PRODUCT,enterprise,Enterprise workflow automation agent.,9
MOVEdot,Fall 2025,https://www.movedot.ai/,AI Agents for Hardware Engineering,AI Agents for Hardware Testing. Test data analysis.,AGENT-AS-PRODUCT,hardware engineering,Vertical AI agents for hardware testing.,9
Hypercubic,Fall 2025,https://www.hypercubic.ai/,AI to maintain and modernize COBOL.,Agentic AI Mainframe Modernization. Maintain and modernize COBOL.,AGENT-AS-PRODUCT,legacy code,AI agent for COBOL modernization.,9
MarkIt,Fall 2025,https://markittrade.com,AI Agents for Trade Compliance - Saving Companies from Tariffs,AI Agents for Trade Compliance. Data Layer for Global Trade.,AGENT-AS-PRODUCT,compliance,Trade compliance AI agent product.,9
Fluidize,Summer 2025,https://fluidize.ai,Helping scientists and engineers run experiments with AI. ,AI Platform for Scientific Computing. Help scientists run experiments.,AGENT-AS-PRODUCT,science,AI platform for science.,9
Locata,Summer 2025,https://www.locatahealth.com/,AI Referral Automation for Primary Care Clinics,AI Referral Automation for Primary Care. Agentic automation.,AGENT-AS-PRODUCT,healthcare,Healthcare referral automation agent.,9
Perspectives Health,Summer 2025,https://perspectiveshealth.ai/,Automating away admin for behavioral health clinics,Automating admin for behavioral health clinics.,AGENT-AS-PRODUCT,healthcare,Healthcare admin AI agent.,9
Promptless,W25,https://gopromptless.ai/,An AI teammate that automatically updates your customer-facing docs,Automatically update customer-facing docs.,AGENT-AS-PRODUCT,documentation,AI agent for documentation updates.,9
Tire Swing,W25,https://gettireswing.com,AI for Healthcare Compliance,AI for Healthcare Compliance. (Empty),AGENT-AS-PRODUCT,healthcare,Healthcare compliance AI.,9
Handled,Summer 2024,https://www.itshandled.ai,Automating post-order operations for e-commerce brands and 3PLs,Automating post-order operations for e-commerce.,AGENT-AS-PRODUCT,ecommerce,E-commerce operations agent.,9
OneGrep,W24,https://www.onegrep.dev,AI Agent for DevOps Workflow Automation,AI Agent for DevOps Workflow Automation. (Empty),AGENT-AS-PRODUCT,devops,DevOps AI agent product.,9
CommodityAI,W24,https://commodityai.io/,AI that automates commodity operations,AI that automates commodity operations.,AGENT-AS-PRODUCT,commodities,Vertical AI for commodities.,9
Tower,W24,https://withtower.com,Legal due diligence platform powered by AI,AI-Powered Due Diligence Software for M&A and Legal.,AGENT-AS-PRODUCT,legal,Legal AI agent product.,9
Cardboard,Winter 2026,https://usecardboard.com,Agentic video editor,Agentic Video Editor. Raw footage to clean edit in minutes.,AGENT-AS-PRODUCT,media,AI agent video editing product.,8
Scott AI,Fall 2025,https://tryscott.ai,Agentic Workspace for Engineering Team Alignment,Agentic Workspace for Engineering Team Alignment.,AGENT-AS-PRODUCT,engineering,AI workspace product.,8
Clicks,Fall 2025,https://goclicks.ai/,Computer use agents to automate all back-office work,Computer use agents to automate back-office work.,AGENT-AS-PRODUCT,back-office,Back-office automation agent product.,8
StarSling,Spring 2025,https://www.starsling.dev/,Cursor for DevOps,AI Agents for DevOps. Cursor for DevOps.,AGENT-AS-PRODUCT,devops,Vertical AI agent for DevOps.,8
datafruit,Summer 2025,https://datafruit.dev/,AI DevOps Engineer,AI Agents for System Integrators.,AGENT-AS-PRODUCT,devops,DevOps/integration AI agent product.,8
Orange Slice,Summer 2025,https://orangeslice.ai,Agentic sales enrichment spreadsheet,Custom Sales Workflow Automation. Agentic sales enrichment.,AGENT-AS-PRODUCT,sales,Sales automation agent product.,8
Risely AI,Summer 2025,https://www.risely.ai/,AI agents that automate administrative work across college campuses. ,AI Agents that automate admin across college campuses.,AGENT-AS-PRODUCT,education,Higher education AI agent product.,8
Zavo,Fall 2025,https://zavopay.com,AI Point of Sale for Restaurants ,Operating system for modern hospitality. AI Point of Sale for restaurants.,NOT-RELEVANT,,Vertical restaurant software. Not agent infrastructure.,27
Absurd,Fall 2025,https://absurd.com/,AI Brand and Performance Ads at Scale,AI Brand and Performance Ads at Scale.,NOT-RELEVANT,,Marketing/ads. Not agent infrastructure.,21
Mbodi AI,Spring 2025,https://www.mbodi.ai/,Make Industrial Robots Learn Like Humans,Embodied AI Platform for Robotics. Teach robots through conversation.,NOT-RELEVANT,,Robotics. Not software agent infrastructure.,19
Shor,Summer 2025,https://www.tryshor.com,"The fastest, most affordable payroll for global teams","Fastest, most affordable payroll for global teams. $99.",NOT-RELEVANT,,Payroll company. Not AI agent related.,19
Zoa Research,Summer 2024,https://zoaresearch.com,Powerful quantitative forecasting models,Powerful quantitative forecasting models. First profitable AI lab.,NOT-RELEVANT,,Quant finance. Not agent infrastructure.,16
Flott HQ,Spring 2025,https://www.flotthq.com,AI-native operating system for vehicle fleet management,AI-native OS for vehicle fleet management.,NOT-RELEVANT,,Fleet management software.,13
Alt-X,Fall 2025,https://alt-x.co,Automation for institutional-grade financial modeling in Excel,Automation for institutional financial modeling in Excel.,NOT-RELEVANT,,Excel automation. Not agent infrastructure.,12
Floot,Summer 2025,https://floot.com,The easiest way for non-coders to build apps with AI.,Easiest way to build apps with AI. No-code.,NOT-RELEVANT,,No-code app builder.,11
Cosmic,Fall 2024,https://www.cosmic.new/,"Build, monetize, and deploy full-stack websites in minutes",Build and deploy full-stack websites in minutes.,NOT-RELEVANT,,Website builder.,11
Storia AI,S24,https://storia.ai,Open source AI copilot that knows your company's code and its context,Founder personal site. Appears pivoted or inactive.,NOT-RELEVANT,,No active product visible.,11
Shofo,Winter 2026,https://shofo.ai/,Common Crawl for Videos,Largest High-Quality Video Index. Common Crawl for Videos.,NOT-RELEVANT,,Video data. Not agent infrastructure.,10
Outerport,S24,https://outerport.com,Compare documents and clarify business processes with AI,Make documents queryable. Extract structured data.,NOT-RELEVANT,,"Document processing, not agent infra.",10
OctaPulse,Winter 2026,https://www.tryoctapulse.com/,Robotics and computer vision to automate fish farming from hatchery…,Robotics and computer vision for fish farming.,NOT-RELEVANT,,Aquaculture robotics.,9
Wavedash,X25,https://wavedash.gg,Helping game devs distribute builds to playtesters for rapid feedback,Game build distribution for playtesters.,NOT-RELEVANT,,Gaming. Not agent infrastructure.,9
RowFlow,Summer 2025,https://rowflow.ai,Replacing forms with AI conversations,Replacing forms with AI conversations. AI-native form.,NOT-RELEVANT,,Form replacement. Not agent infrastructure.,9
Pig,W25,https://pig.dev,An API for automating Windows apps with AI,Team has moved on. Now building Butter. Previously API for Windows automation.,NOT-RELEVANT,,Shut down. Team is now Butter.,9
Revyl,F24,https://www.revyl.ai,Proactive observability,Mobile and web testing. Not agent-specific.,NOT-RELEVANT,,"General app testing, not agent infrastructure.",9
ReactWise,S24,https://www.reactwise.com/,AI Co-Pilot for Chemical Process Optimization,AI Co-Pilot for Chemical Process Optimization.,NOT-RELEVANT,,Chemical engineering. Not agent infrastructure.,9
Quary,W24,https://www.quary.dev,The first in-browser analytics engineering platform,In-browser analytics engineering platform. (Empty),NOT-RELEVANT,,Analytics tool.,9
Engines,W24,https://engines.dev,"Tools, context and sandboxes for AI SWEs",Shut down. Previously tools and sandboxes for AI SWEs.,NOT-RELEVANT,,Shut down.,9
SigmanticAI,Summer 2025,https://www.sigmanticai.com,The Cursor for Chip Design - Delivering Silicon-Ready Chip Designs…,Hardware Verification Automation for chip design.,NOT-RELEVANT,,Chip design. Not agent infrastructure.,8
Aether Energy,W24,https://www.aethernrg.com/,Solar and roofing workflow software for solar installers worldwide,Solar and roofing workflow software.,NOT-RELEVANT,,Solar energy. Not agent infrastructure.,8
